ts,account,symbol,side,size_usd,collateral,execution_price,leverage,order_type,pnl
1768308630123934000,25,ETH-USD,Sell,494828196,164447904,3131824036,3,Increase,0
1768308630123934000,24,ETH-USD,Buy,315061497,104768450,3131824036,3,Increase,0
1768308630423934000,27,ETH-USD,Sell,895701672,297671523,3131824036,3,Increase,0
1768308630423934000,22,ETH-USD,Buy,391478004,130179486,3131824036,3,Increase,0
1768308630423934000,23,ETH-USD,Sell,846218853,281226733,3131824036,3,Increase,0
1768308630423934000,26,ETH-USD,Buy,786087831,261400407,3131824036,3,Increase,0
1768308630523934000,20,ETH-USD,Buy,330720618,109975630,3131824036,3,Increase,0
1768308630523934000,21,ETH-USD,Sell,764791428,254165685,3131824036,3,Increase,0
1768308632023934000,30,ETH-USD,Buy,2159392672,1077968822,3131824036,2,Increase,0
1768308632023934000,31,ETH-USD,Sell,2384884002,1190057117,3131824036,2,Increase,0
1768308633023934000,33,ETH-USD,Sell,1648898460,822800332,3131810943,2,Increase,0
1768308633023934000,32,ETH-USD,Buy,2167213172,1081872816,3131810943,2,Increase,0
1768308634023934000,34,ETH-USD,Buy,1935459162,965794122,3131810943,2,Increase,0
1768308634023934000,35,ETH-USD,Sell,2220439110,1107999116,3131790000,2,Increase,0
1768308635023934000,37,ETH-USD,Sell,3643211306,1817962442,3131790000,2,Increase,0
1768308635023934000,36,ETH-USD,Buy,3759400714,1876692837,3131790000,2,Increase,0
1768308638023934000,41,ETH-USD,Sell,4168395814,2080029512,3131777472,2,Increase,0
1768308638023934000,40,ETH-USD,Buy,6047496144,3018910076,3131795000,2,Increase,0
1768308640023934000,42,ETH-USD,Buy,5436814420,2712970396,3131805542,2,Increase,0
1768308640023934000,43,ETH-USD,Sell,5605931920,2798481215,3131805542,2,Increase,0
1768308640523934000,21,ETH-USD,Sell,764791428,254165685,3131805542,0,Decrease,-1048962
1768308640523934000,20,ETH-USD,Buy,330720618,109975630,3131805542,0,Decrease,-456890
1768308641023934000,21,ETH-USD,Sell,702777162,233696833,3131805542,3,Increase,0
1768308641023934000,20,ETH-USD,Buy,397739301,132182028,3131805542,3,Increase,0
1768308642723934000,25,ETH-USD,Sell,494828196,164447904,3131920000,0,Decrease,-678690
1768308642723934000,24,ETH-USD,Buy,315061497,104768450,3131920000,0,Decrease,-412244
1768308643423934000,24,ETH-USD,Buy,403391295,134060374,3131920000,3,Increase,0
1768308643423934000,25,ETH-USD,Sell,686516862,228289741,3131920000,3,Increase,0
1768308645423934000,22,ETH-USD,Buy,391478004,130179486,3132000000,0,Decrease,-514834
1768308645423934000,23,ETH-USD,Sell,846218853,281226733,3132000000,0,Decrease,-1209539
1768308646023934000,22,ETH-USD,Buy,848772000,282075228,3132000000,3,Increase,0
1768308646023934000,23,ETH-USD,Sell,737900376,245376472,3132005000,3,Increase,0
1768308648823934000,27,ETH-USD,Sell,895701672,297671523,3131975000,0,Decrease,-1280268
1768308648823934000,26,ETH-USD,Buy,786087831,261400407,3131975000,0,Decrease,-1046329
1768308649623934000,26,ETH-USD,Buy,733508544,243769340,3131975000,3,Increase,0
1768308649623934000,27,ETH-USD,Sell,715343088,237875422,3131975000,3,Increase,0
1768308651023934000,20,ETH-USD,Buy,397739301,132182028,3131976565,0,Decrease,-621399
1768308651023934000,21,ETH-USD,Sell,702777162,233696833,3131976565,0,Decrease,-1176304
1768308651523934000,21,ETH-USD,Sell,855029601,284325844,3131976565,3,Increase,0
1768308651523934000,20,ETH-USD,Buy,322593585,107208602,3131976565,3,Increase,0
1768308652023934000,50,ETH-USD,Buy,9815657172,4898012929,3131990164,2,Increase,0
1768308652023934000,51,ETH-USD,Sell,8468901402,4227675580,3131990164,2,Increase,0
1768308656023934000,24,ETH-USD,Buy,403391295,134060374,3132005329,0,Decrease,-576168
1768308656023934000,25,ETH-USD,Sell,686516862,228289741,3132005329,0,Decrease,-1019284
1768308656723934000,24,ETH-USD,Buy,618883200,205675517,3132000000,3,Increase,0
1768308656723934000,25,ETH-USD,Sell,881971197,293284823,3132000000,3,Increase,0
1768308658023934000,53,ETH-USD,Sell,11669832000,5823246168,3132000000,2,Increase,0
1768308658023934000,52,ETH-USD,Buy,13229568000,6604200346,3132000000,2,Increase,0
1768308661023934000,23,ETH-USD,Sell,737900376,245376472,3131927740,0,Decrease,-1091132
1768308661023934000,22,ETH-USD,Buy,848772000,282075228,3131927740,0,Decrease,-1295196
1768308661523934000,21,ETH-USD,Sell,855029601,284325844,3131927740,0,Decrease,-1472576
1768308661523934000,20,ETH-USD,Buy,322593585,107208602,3131927740,0,Decrease,-564611
1768308661623934000,22,ETH-USD,Buy,372073014,123652265,3131927740,3,Increase,0
1768308661623934000,23,ETH-USD,Sell,700299042,232872775,3131927740,3,Increase,0
1768308662023934000,20,ETH-USD,Buy,616989762,205046265,3131927740,3,Increase,0
1768308662023934000,30,ETH-USD,Buy,2159392672,1077968822,3131927740,0,Decrease,-3154337
1768308662023934000,31,ETH-USD,Sell,2384884002,1190057117,3131927740,0,Decrease,-3393036
1768308662023934000,21,ETH-USD,Sell,466657233,155179086,3131927740,3,Increase,0
1768308664023934000,31,ETH-USD,Sell,2148502428,1072532413,3131927740,2,Increase,0
1768308664023934000,30,ETH-USD,Buy,2757662374,1376073525,3131927740,2,Increase,0
1768308668023934000,26,ETH-USD,Buy,733508544,243769340,3131950000,0,Decrease,-1115775
1768308668023934000,27,ETH-USD,Sell,715343088,237875422,3131950000,0,Decrease,-1078236
1768308668823934000,26,ETH-USD,Buy,686524536,228154988,3131955000,3,Increase,0
1768308668823934000,27,ETH-USD,Sell,1130635755,375974077,3131955000,3,Increase,0
1768308669323934000,24,ETH-USD,Buy,618883200,205675517,3131955000,0,Decrease,-1049285
1768308669323934000,25,ETH-USD,Sell,881971197,293284823,3131955000,0,Decrease,-1472321
1768308670023934000,24,ETH-USD,Buy,636412239,211501001,3131950000,3,Increase,0
1768308670023934000,25,ETH-USD,Sell,657709500,218710333,3131950000,3,Increase,0
1768308672023934000,21,ETH-USD,Sell,466657233,155179086,3131950000,0,Decrease,-663514
1768308672023934000,20,ETH-USD,Buy,616989762,205046265,3131950000,0,Decrease,-932647
1768308672523934000,20,ETH-USD,Buy,314447778,104501479,3131950000,3,Increase,0
1768308672523934000,21,ETH-USD,Sell,934573878,310776967,3131950000,3,Increase,0
1768308676623934000,22,ETH-USD,Buy,372073014,123652265,3131950000,0,Decrease,-647889
1768308676623934000,23,ETH-USD,Sell,700299042,232872775,3131950000,0,Decrease,-1231377
1768308677223934000,23,ETH-USD,Sell,351404790,116853807,3131950000,3,Increase,0
1768308677223934000,22,ETH-USD,Buy,787372227,261670037,3131950000,3,Increase,0
1768308678023934000,32,ETH-USD,Buy,2167213172,1081872816,3131950000,0,Decrease,-3417130
1768308678023934000,33,ETH-USD,Sell,1648898460,822800332,3131960000,0,Decrease,-2370663
1768308680523934000,33,ETH-USD,Sell,2748286124,1371944434,3131950000,2,Increase,0
1768308680523934000,32,ETH-USD,Buy,1691253000,843935247,3131950000,2,Increase,0
1768308682523934000,21,ETH-USD,Sell,934573878,310776967,3131971230,0,Decrease,-1417089
1768308682523934000,20,ETH-USD,Buy,314447778,104501479,3131971230,0,Decrease,-471862
1768308682623934000,25,ETH-USD,Sell,657709500,218710333,3131971230,0,Decrease,-997281
1768308682623934000,24,ETH-USD,Buy,636412239,211501001,3131971230,0,Decrease,-955003
1768308683023934000,20,ETH-USD,Buy,774849681,257508378,3131971230,3,Increase,0
1768308683023934000,21,ETH-USD,Sell,757310643,251831033,3131971230,3,Increase,0
1768308683323934000,24,ETH-USD,Buy,563128425,187146347,3131971230,3,Increase,0
1768308683323934000,25,ETH-USD,Sell,900128529,299322741,3131971230,3,Increase,0
1768308687223934000,26,ETH-USD,Buy,686524536,228154988,3131880000,0,Decrease,-1098777
1768308687223934000,27,ETH-USD,Sell,1130635755,375974077,3131880000,0,Decrease,-1758629
1768308687523934000,36,ETH-USD,Buy,3759400714,1876692837,3131880000,0,Decrease,-5046370
1768308687523934000,37,ETH-USD,Sell,3643211306,1817962442,3131880000,0,Decrease,-5106721
1768308688023934000,27,ETH-USD,Sell,984036696,327225003,3131880000,3,Increase,0
1768308688023934000,26,ETH-USD,Buy,1169447499,388646386,3131889395,3,Increase,0
1768308691023934000,37,ETH-USD,Sell,3242122176,1618467391,3131880000,2,Increase,0
1768308691023934000,36,ETH-USD,Buy,3248699124,1621100863,3131880000,2,Increase,0
1768308692223934000,23,ETH-USD,Sell,351404790,116853807,3131643676,0,Decrease,-566359
1768308692223934000,22,ETH-USD,Buy,787372227,261670037,3131643676,0,Decrease,-1420508
1768308692823934000,22,ETH-USD,Buy,595638627,197950571,3131643676,3,Increase,0
1768308692823934000,23,ETH-USD,Sell,625076076,207858632,3131643676,3,Increase,0
1768308693023934000,20,ETH-USD,Buy,774849681,257508378,3131643676,0,Decrease,-1299086
1768308693023934000,21,ETH-USD,Sell,757310643,251831033,3131643676,0,Decrease,-1113186
1768308693523934000,21,ETH-USD,Sell,481646796,160163615,3131643676,3,Increase,0
1768308693523934000,20,ETH-USD,Buy,392708115,130509997,3131643676,3,Increase,0
1768308694023934000,34,ETH-USD,Buy,1935459162,965794122,3131643676,0,Decrease,-2921782
1768308694023934000,35,ETH-USD,Sell,2220439110,1107999116,3131643676,0,Decrease,-3149005
1768308694023934000,31,ETH-USD,Sell,2148502428,1072532413,3131519999,0,Decrease,-2773624
1768308694023934000,30,ETH-USD,Buy,2757662374,1376073525,3131519999,0,Decrease,-4272517
1768308695923934000,24,ETH-USD,Buy,563128425,187146347,3131519999,0,Decrease,-933485
1768308695923934000,25,ETH-USD,Sell,900128529,299322741,3131519999,0,Decrease,-1234942
1768308696023934000,30,ETH-USD,Buy,1667534398,832099665,3131519999,2,Increase,0
1768308696023934000,31,ETH-USD,Sell,2780789758,1388170248,3131519999,2,Increase,0
1768308696623934000,25,ETH-USD,Sell,830473797,276160220,3131499999,3,Increase,0
1768308696623934000,24,ETH-USD,Buy,319412997,106151587,3131499999,3,Increase,0
1768308697023934000,34,ETH-USD,Buy,2173260998,1084457239,3131499999,2,Increase,0
1768308697023934000,35,ETH-USD,Sell,1673786748,835554345,3131499999,2,Increase,0
1768308703523934000,21,ETH-USD,Sell,481646796,160163615,3131440000,0,Decrease,-675045
1768308703523934000,20,ETH-USD,Buy,392708115,130509997,3131440000,0,Decrease,-600588
1768308704023934000,21,ETH-USD,Sell,521697903,173481943,3131440000,3,Increase,0
1768308704023934000,20,ETH-USD,Buy,879306591,292222891,3131433737,3,Increase,0
1768308706423934000,26,ETH-USD,Buy,1169447499,388646386,3131383131,0,Decrease,-1910090
1768308706423934000,27,ETH-USD,Sell,984036696,327225003,3131383131,0,Decrease,-1276596
1768308707223934000,26,ETH-USD,Buy,1144207395,380258258,3131383131,3,Increase,0
1768308707223934000,27,ETH-USD,Sell,654459072,217629457,3131383131,3,Increase,0
1768308707823934000,23,ETH-USD,Sell,625076076,207858632,3131383131,0,Decrease,-915767
1768308707823934000,22,ETH-USD,Buy,595638627,197950571,3131383131,0,Decrease,-970329
1768308708423934000,22,ETH-USD,Buy,385167120,128003873,3131440000,3,Increase,0
1768308708423934000,23,ETH-USD,Sell,791628030,263242708,3131440000,3,Increase,0
1768308709223934000,25,ETH-USD,Sell,830473797,276160220,3131440000,0,Decrease,-1146381
1768308709223934000,24,ETH-USD,Buy,319412997,106151587,3131440000,0,Decrease,-452511
1768308709923934000,24,ETH-USD,Buy,877429488,291599067,3131440000,3,Increase,0
1768308709923934000,25,ETH-USD,Sell,735262110,244499161,3131440000,3,Increase,0
1768308714023934000,21,ETH-USD,Sell,521697903,173481943,3131469353,0,Decrease,-771572
1768308714023934000,20,ETH-USD,Buy,879306591,292222891,3130905000,0,Decrease,-1482185
1768308714523934000,21,ETH-USD,Sell,313716681,104321254,3130905000,3,Increase,0
1768308714523934000,20,ETH-USD,Buy,558553452,185625931,3130905000,3,Increase,0
1768308722523934000,25,ETH-USD,Sell,735262110,244499161,3130003130,0,Decrease,-702905
1768308722523934000,24,ETH-USD,Buy,877429488,291599067,3130003130,0,Decrease,-1642356
1768308723223934000,24,ETH-USD,Buy,898310898,298538656,3130003130,3,Increase,0
1768308723223934000,25,ETH-USD,Sell,418168416,139054938,3130003130,3,Increase,0
1768308723423934000,22,ETH-USD,Buy,385167120,128003873,3130003130,0,Decrease,-720948
1768308723423934000,23,ETH-USD,Sell,791628030,263242708,3130003130,0,Decrease,-756790
1768308724023934000,22,ETH-USD,Buy,475760475,158111065,3130003130,3,Increase,0
1768308724023934000,23,ETH-USD,Sell,433818432,144259090,3130003130,3,Increase,0
1768308724523934000,20,ETH-USD,Buy,558553452,185625931,3130082458,0,Decrease,-1083769
1768308724523934000,21,ETH-USD,Sell,313716681,104321254,3130082458,0,Decrease,-444778
1768308725023934000,20,ETH-USD,Buy,400650552,133149534,3130082458,3,Increase,0
1768308725023934000,21,ETH-USD,Sell,435707478,144887261,3130082458,3,Increase,0
1768308725523934000,33,ETH-USD,Sell,2748286124,1371944434,3130082458,0,Decrease,-2553726
1768308725523934000,32,ETH-USD,Buy,1691253000,843935247,3130082458,0,Decrease,-3584825
1768308725623934000,26,ETH-USD,Buy,1144207395,380258258,3130082458,0,Decrease,-2297315
1768308725623934000,27,ETH-USD,Sell,654459072,217629457,3130082458,0,Decrease,-771945
1768308726023934000,31,ETH-USD,Sell,2780789758,1388170248,3130082458,0,Decrease,-2984505
1768308726023934000,30,ETH-USD,Buy,1667534398,832099665,3130082458,0,Decrease,-3317034
1768308726423934000,27,ETH-USD,Sell,810695898,269583410,3130099999,3,Increase,0
1768308726423934000,26,ETH-USD,Buy,775012758,257562574,3130099999,3,Increase,0
1768308728023934000,33,ETH-USD,Sell,1766941448,882057171,3130099999,2,Increase,0
1768308728023934000,41,ETH-USD,Sell,4168395814,2080029512,3130099999,0,Decrease,-3868932
1768308728023934000,40,ETH-USD,Buy,6047496144,3018910076,3130099999,0,Decrease,-11475123
1768308728023934000,30,ETH-USD,Buy,2316273998,1155820726,3130099999,2,Increase,0
1768308728023934000,32,ETH-USD,Buy,1981353298,988695296,3130099999,2,Increase,0
1768308728023934000,31,ETH-USD,Sell,2865606548,1430510789,3130099999,2,Increase,0
1768308733023934000,40,ETH-USD,Buy,4870409940,2430334561,3130083509,2,Increase,0
1768308733023934000,41,ETH-USD,Sell,5289841130,2640688693,3130083509,2,Increase,0
1768308735023934000,20,ETH-USD,Buy,400650552,133149534,3130085030,0,Decrease,-596415
1768308735023934000,21,ETH-USD,Sell,435707478,144887261,3130085030,0,Decrease,-650381
1768308735523934000,20,ETH-USD,Buy,371854101,123579513,3130085030,3,Increase,0
1768308735523934000,21,ETH-USD,Sell,747464304,248556797,3130085030,3,Increase,0
1768308735823934000,25,ETH-USD,Sell,418168416,139054938,3130085030,0,Decrease,-600396
1768308735823934000,24,ETH-USD,Buy,898310898,298538656,3130085030,0,Decrease,-1240899
1768308736523934000,24,ETH-USD,Buy,884562027,293969447,3130085030,3,Increase,0
1768308736523934000,25,ETH-USD,Sell,446976141,148634467,3130085030,3,Increase,0
1768308739023934000,23,ETH-USD,Sell,433818432,144259090,3130071097,0,Decrease,-622866
1768308739023934000,22,ETH-USD,Buy,475760475,158111065,3130071097,0,Decrease,-661433
1768308739623934000,22,ETH-USD,Buy,450104223,149584637,3130071097,3,Increase,0
1768308739623934000,23,ETH-USD,Sell,682355499,226905949,3130071097,3,Increase,0
1768308743523934000,37,ETH-USD,Sell,3242122176,1618467391,3130095234,0,Decrease,-2476315
1768308743523934000,36,ETH-USD,Buy,3248699124,1621100863,3130095234,0,Decrease,-6178257
1768308744823934000,27,ETH-USD,Sell,810695898,269583410,3130091645,0,Decrease,-1245533
1768308744823934000,26,ETH-USD,Buy,775012758,257562574,3130091645,0,Decrease,-1193256
1768308745523934000,20,ETH-USD,Buy,371854101,123579513,3130091645,0,Decrease,-572529
1768308745523934000,21,ETH-USD,Sell,747464304,248556797,3130091645,0,Decrease,-1155550
1768308745623934000,27,ETH-USD,Sell,1241394345,412805000,3130091645,3,Increase,0
1768308745623934000,26,ETH-USD,Buy,719921076,239253771,3130091645,3,Increase,0
1768308746023934000,20,ETH-USD,Buy,444473013,147713198,3130091645,3,Increase,0
1768308746023934000,21,ETH-USD,Sell,661723239,220045035,3130195081,3,Increase,0
1768308747023934000,37,ETH-USD,Sell,4419209414,2205185498,3130195081,2,Increase,0
1768308747023934000,36,ETH-USD,Buy,2539214248,1267575753,3130195081,2,Increase,0
1768308749123934000,24,ETH-USD,Buy,884562027,293969447,3130475030,0,Decrease,-1066070
1768308749123934000,25,ETH-USD,Sell,446976141,148634467,3130475030,0,Decrease,-650877
1768308749823934000,24,ETH-USD,Buy,563485503,187377713,3130475030,3,Increase,0
1768308749823934000,25,ETH-USD,Sell,562233315,186848872,3130475030,3,Increase,0
1768308754623934000,22,ETH-USD,Buy,450104223,149584637,3130846757,0,Decrease,-492882
1768308754623934000,23,ETH-USD,Sell,682355499,226905949,3130846757,0,Decrease,-1086635
1768308755223934000,23,ETH-USD,Sell,934244670,310480646,3130846757,3,Increase,0
1768308755223934000,22,ETH-USD,Buy,913581081,303796163,3130846757,3,Increase,0
1768308756023934000,20,ETH-USD,Buy,444473013,147713198,3130857671,0,Decrease,-572780
1768308756023934000,21,ETH-USD,Sell,661723239,220045035,3130857671,0,Decrease,-1003340
1768308756523934000,20,ETH-USD,Buy,725106636,240977106,3130857671,3,Increase,0
1768308756523934000,21,ETH-USD,Sell,860985858,286306498,3130857671,3,Increase,0
1768308757023934000,35,ETH-USD,Sell,1673786748,835554345,3130857671,0,Decrease,-1974606
1768308757023934000,34,ETH-USD,Buy,2173260998,1084457239,3130857671,0,Decrease,-3451064
1768308758023934000,30,ETH-USD,Buy,2316273998,1155820726,3130832624,0,Decrease,-2715014
1768308758023934000,31,ETH-USD,Sell,2865606548,1430510789,3130832624,0,Decrease,-4705729
1768308760023934000,34,ETH-USD,Buy,1858149162,927216432,3130832624,2,Increase,0
1768308760023934000,35,ETH-USD,Sell,2783310202,1389428453,3130832624,2,Increase,0
1768308760023934000,31,ETH-USD,Sell,2080438278,1038138701,3130832624,2,Increase,0
1768308760023934000,42,ETH-USD,Buy,5436814420,2712970396,3130845000,0,Decrease,-9438325
1768308760023934000,43,ETH-USD,Sell,5605931920,2798481215,3130845000,0,Decrease,-6304318
1768308760023934000,30,ETH-USD,Buy,3096405704,1545725728,3130845000,2,Increase,0
1768308762423934000,25,ETH-USD,Sell,562233315,186848872,3130841943,0,Decrease,-850959
1768308762423934000,24,ETH-USD,Buy,563485503,187377713,3130841943,0,Decrease,-719730
1768308763123934000,25,ETH-USD,Sell,629925396,209345207,3130841943,3,Increase,0
1768308763123934000,24,ETH-USD,Buy,922972203,306734429,3130841943,3,Increase,0
1768308764023934000,27,ETH-USD,Sell,1241394345,412805000,3130841943,0,Decrease,-2295367
1768308764023934000,26,ETH-USD,Buy,719921076,239253771,3130895000,0,Decrease,-959613
1768308764823934000,26,ETH-USD,Buy,1196628069,397679395,3130895000,3,Increase,0
1768308764823934000,27,ETH-USD,Sell,652478517,216970857,3130895000,3,Increase,0
1768308766023934000,42,ETH-USD,Buy,5488458934,2738741009,3130895000,2,Increase,0
1768308766023934000,43,ETH-USD,Sell,3785252054,1889597826,3130895000,2,Increase,0
1768308766523934000,20,ETH-USD,Buy,725106636,240977106,3130900000,0,Decrease,-991367
1768308766523934000,21,ETH-USD,Sell,860985858,286306498,3130900000,0,Decrease,-1202001
1768308767023934000,21,ETH-USD,Sell,701947779,233421035,3130900000,3,Increase,0
1768308767023934000,20,ETH-USD,Buy,834697938,277397949,3130900000,3,Increase,0
1768308770223934000,23,ETH-USD,Sell,934244670,310480646,3130899999,0,Decrease,-1310832
1768308770223934000,22,ETH-USD,Buy,913581081,303796163,3130899999,0,Decrease,-1249079
1768308770823934000,23,ETH-USD,Sell,515346138,171369770,3130899999,3,Increase,0
1768308770823934000,22,ETH-USD,Buy,596123358,198111663,3130899999,3,Increase,0
1768308773023934000,33,ETH-USD,Sell,1766941448,882057171,3130941199,0,Decrease,-3293036
1768308773023934000,32,ETH-USD,Buy,1981353298,988695296,3130941199,0,Decrease,-2623461
1768308775523934000,32,ETH-USD,Buy,1601458276,799127680,3130905721,2,Increase,0
1768308775523934000,33,ETH-USD,Sell,1900459772,948709519,3130905721,2,Increase,0
1768308775723934000,24,ETH-USD,Buy,922972203,306734429,3130905721,0,Decrease,-1321280
1768308775723934000,25,ETH-USD,Sell,629925396,209345207,3130905721,0,Decrease,-928781
1768308776423934000,25,ETH-USD,Sell,877278180,291724238,3130900000,3,Increase,0
1768308776423934000,24,ETH-USD,Buy,509084340,169185696,3130900000,3,Increase,0
1768308777023934000,21,ETH-USD,Sell,701947779,233421035,3130900000,0,Decrease,-1081695
1768308777023934000,20,ETH-USD,Buy,834697938,277397949,3130900000,0,Decrease,-1284415
1768308777523934000,21,ETH-USD,Sell,420792960,139927686,3130900000,3,Increase,0
1768308777523934000,20,ETH-USD,Buy,498439278,165647987,3130900000,3,Increase,0
1768308783223934000,26,ETH-USD,Buy,1196628069,397679395,3130725000,0,Decrease,-1749743
1768308783223934000,27,ETH-USD,Sell,652478517,216970857,3130725000,0,Decrease,-884539
1768308784023934000,26,ETH-USD,Buy,901022655,299439863,3130725000,3,Increase,0
1768308784023934000,27,ETH-USD,Sell,1115788293,371036801,3130719119,3,Increase,0
1768308785823934000,23,ETH-USD,Sell,515346138,171369770,3130719119,0,Decrease,-753193
1768308785823934000,22,ETH-USD,Buy,596123358,198111663,3130719119,0,Decrease,-938830
1768308786423934000,22,ETH-USD,Buy,817742427,271763067,3130713738,3,Increase,0
1768308786423934000,23,ETH-USD,Sell,855310992,284419416,3130713738,3,Increase,0
1768308787523934000,20,ETH-USD,Buy,498439278,165647987,3130713738,0,Decrease,-783961
1768308787523934000,21,ETH-USD,Sell,420792960,139927686,3130713738,0,Decrease,-612816
1768308788023934000,20,ETH-USD,Buy,880982844,292779966,3130713738,3,Increase,0
1768308788023934000,21,ETH-USD,Sell,693762012,230698995,3130695000,3,Increase,0
1768308789023934000,25,ETH-USD,Sell,877278180,291724238,3130695000,0,Decrease,-1277180
1768308789023934000,24,ETH-USD,Buy,509084340,169185696,3130695000,0,Decrease,-806541
1768308789723934000,24,ETH-USD,Buy,631148112,209751556,3130695000,3,Increase,0
1768308789723934000,25,ETH-USD,Sell,512807841,170525701,3130695000,3,Increase,0
1768308790023934000,31,ETH-USD,Sell,2080438278,1038138701,3130695000,0,Decrease,-2902413
1768308790023934000,30,ETH-USD,Buy,3096405704,1545725728,3130695000,0,Decrease,-4585421
1768308792023934000,30,ETH-USD,Buy,1869030884,932646412,3130705000,2,Increase,0
1768308792023934000,31,ETH-USD,Sell,2520217524,1258092588,3130705000,2,Increase,0
1768308798023934000,20,ETH-USD,Buy,880982844,292779966,3130700000,0,Decrease,-1227757
1768308798023934000,21,ETH-USD,Sell,693762012,230698995,3130700000,0,Decrease,-970069
1768308798523934000,20,ETH-USD,Buy,681257727,226404652,3130780000,3,Increase,0
1768308798523934000,21,ETH-USD,Sell,395730591,131593613,3130780000,3,Increase,0
1768308799523934000,36,ETH-USD,Buy,2539214248,1267575753,3130780000,0,Decrease,-2854664
1768308799523934000,37,ETH-USD,Sell,4419209414,2205185498,3130780000,0,Decrease,-6627212
1768308801423934000,23,ETH-USD,Sell,855310992,284419416,3130705000,0,Decrease,-1188435
1768308801423934000,22,ETH-USD,Buy,817742427,271763067,3130705000,0,Decrease,-1139222
1768308802023934000,22,ETH-USD,Buy,370049331,122979728,3130705000,3,Increase,0
1768308802023934000,23,ETH-USD,Sell,660578754,219664455,3130705000,3,Increase,0
1768308802323934000,25,ETH-USD,Sell,512807841,170525701,3130708130,0,Decrease,-717045
1768308802323934000,24,ETH-USD,Buy,631148112,209751556,3130708130,0,Decrease,-875995
1768308802423934000,26,ETH-USD,Buy,901022655,299439863,3130708130,0,Decrease,-1251008
1768308802423934000,27,ETH-USD,Sell,1115788293,371036801,3130708130,0,Decrease,-1665382
1768308803023934000,25,ETH-USD,Sell,740725542,246315934,3130708130,3,Increase,0
1768308803023934000,37,ETH-USD,Sell,2625098766,1310449304,3130708130,2,Increase,0
1768308803023934000,24,ETH-USD,Buy,418888746,139294472,3130708130,3,Increase,0
1768308803023934000,36,ETH-USD,Buy,4658806768,2324744578,3130708130,2,Increase,0
1768308803223934000,26,ETH-USD,Buy,959248971,318790409,3130708130,3,Increase,0
1768308803223934000,27,ETH-USD,Sell,1063188480,353545610,3130708130,3,Increase,0
1768308808523934000,20,ETH-USD,Buy,681257727,226404652,3130757415,0,Decrease,-924445
1768308808523934000,21,ETH-USD,Sell,395730591,131593613,3130757415,0,Decrease,-532002
1768308809023934000,21,ETH-USD,Sell,725709567,241322622,3130757415,3,Increase,0
1768308809023934000,20,ETH-USD,Buy,706925022,234934749,3130757415,3,Increase,0
1768308815623934000,24,ETH-USD,Buy,418888746,139294472,3130730000,0,Decrease,-603229
1768308815623934000,25,ETH-USD,Sell,740725542,246315934,3130730000,0,Decrease,-1078535
1768308816323934000,25,ETH-USD,Sell,438952179,145966232,3130900000,3,Increase,0
1768308816323934000,24,ETH-USD,Buy,579216498,192492950,3130900000,3,Increase,0
1768308817023934000,22,ETH-USD,Buy,370049331,122979728,3130900000,0,Decrease,-480905
1768308817023934000,23,ETH-USD,Sell,660578754,219664455,3130900000,0,Decrease,-942016
1768308817623934000,22,ETH-USD,Buy,509710518,169393796,3130900000,3,Increase,0
1768308817623934000,23,ETH-USD,Sell,562309638,186986699,3130900000,3,Increase,0
1768308819023934000,21,ETH-USD,Sell,725709567,241322622,3131127500,0,Decrease,-1169910
1768308819023934000,20,ETH-USD,Buy,706925022,234934749,3131127500,0,Decrease,-971064
1768308819523934000,20,ETH-USD,Buy,747713247,248490036,3131127500,3,Increase,0
1768308819523934000,21,ETH-USD,Sell,663799029,220735304,3131127500,3,Increase,0
1768308820023934000,34,ETH-USD,Buy,1858149162,927216432,3131780000,0,Decrease,-1997232
1768308820023934000,35,ETH-USD,Sell,2783310202,1389428453,3131780000,0,Decrease,-4681752
1768308820523934000,33,ETH-USD,Sell,1900459772,948709519,3131780000,0,Decrease,-3107773
1768308820523934000,32,ETH-USD,Buy,1601458276,799127680,3131780000,0,Decrease,-1721327
1768308821623934000,26,ETH-USD,Buy,959248971,318790409,3131780000,0,Decrease,-949898
1768308821623934000,27,ETH-USD,Sell,1063188480,353545610,3131780000,0,Decrease,-1782808
1768308822023934000,30,ETH-USD,Buy,1869030884,932646412,3131780000,0,Decrease,-2036459
1768308822023934000,31,ETH-USD,Sell,2520217524,1258092588,3131931637,0,Decrease,-4501612
1768308822423934000,26,ETH-USD,Buy,864413130,287273297,3131931637,3,Increase,0
1768308822423934000,27,ETH-USD,Sell,1210804770,402632947,3131931637,3,Increase,0
1768308823023934000,34,ETH-USD,Buy,3069293004,1531577209,3131931637,2,Increase,0
1768308823023934000,32,ETH-USD,Buy,1758579614,877531228,3131931637,2,Increase,0
1768308823023934000,40,ETH-USD,Buy,4870409940,2430334561,3131931637,0,Decrease,-3309061
1768308823023934000,35,ETH-USD,Sell,1894818640,945893466,3131931637,2,Increase,0
1768308823023934000,41,ETH-USD,Sell,5289841130,2640688693,3131931637,0,Decrease,-9849744
1768308823023934000,33,ETH-USD,Sell,2704422968,1350047946,3131931637,2,Increase,0
1768308824023934000,30,ETH-USD,Buy,1927703922,961924258,3131931637,2,Increase,0
1768308824023934000,31,ETH-USD,Sell,3064604368,1529850501,3131941103,2,Increase,0
1768308828023934000,40,ETH-USD,Buy,3795833668,1894121001,3131875964,2,Increase,0
1768308828023934000,41,ETH-USD,Sell,5101825944,2546831512,3131875964,2,Increase,0
1768308828923934000,24,ETH-USD,Buy,579216498,192492950,3131880531,0,Decrease,-610515
1768308828923934000,25,ETH-USD,Sell,438952179,145966232,3131880531,0,Decrease,-738410
1768308829523934000,21,ETH-USD,Sell,663799029,220735304,3131880531,0,Decrease,-1167768
1768308829523934000,20,ETH-USD,Buy,747713247,248490036,3131880531,0,Decrease,-953898
1768308829623934000,24,ETH-USD,Buy,593804547,197341045,3131880531,3,Increase,0
1768308829623934000,25,ETH-USD,Sell,710936880,236410211,3131880531,3,Increase,0
1768308830023934000,20,ETH-USD,Buy,436584144,145091464,3131880531,3,Increase,0
1768308830023934000,21,ETH-USD,Sell,549958221,182879441,3131880531,3,Increase,0
1768308832023934000,50,ETH-USD,Buy,9815657172,4898012929,3131875203,0,Decrease,-15152136
1768308832023934000,51,ETH-USD,Sell,8468901402,4227675580,3131765953,0,Decrease,-11028801
1768308832623934000,22,ETH-USD,Buy,509710518,169393796,3131765953,0,Decrease,-543575
1768308832623934000,23,ETH-USD,Sell,562309638,186986699,3131765953,0,Decrease,-911723
1768308833223934000,23,ETH-USD,Sell,569981403,189537816,3131765953,3,Increase,0
1768308833223934000,22,ETH-USD,Buy,468512184,155702216,3131765953,3,Increase,0
1768308840023934000,21,ETH-USD,Sell,549958221,182879441,3131245030,0,Decrease,-634429
1768308840023934000,20,ETH-USD,Buy,436584144,145091464,3131214532,0,Decrease,-688483
1768308840523934000,20,ETH-USD,Buy,760885131,252867492,3131214532,3,Increase,0
1768308840523934000,21,ETH-USD,Sell,645656436,214702287,3131214532,3,Increase,0
1768308840823934000,27,ETH-USD,Sell,1210804770,402632947,3131214532,0,Decrease,-1248622
1768308840823934000,26,ETH-USD,Buy,864413130,287273297,3131214532,0,Decrease,-1285952
1768308841623934000,26,ETH-USD,Buy,1035179523,344024662,3131214532,3,Increase,0
1768308841623934000,27,ETH-USD,Sell,712038183,236776431,3131214532,3,Increase,0
1768308842223934000,25,ETH-USD,Sell,710936880,236410211,3131167499,0,Decrease,-1000442
1768308842223934000,24,ETH-USD,Buy,593804547,197341045,3131167499,0,Decrease,-1104628
1768308842923934000,25,ETH-USD,Sell,333782454,110993793,3131167499,3,Increase,0
1768308842923934000,24,ETH-USD,Buy,661302573,219772889,3131167499,3,Increase,0
1768308844023934000,50,ETH-USD,Buy,10558296806,5268590107,3131167499,2,Increase,0
1768308844023934000,51,ETH-USD,Sell,7333118170,3660692591,3131135000,2,Increase,0
1768308848223934000,23,ETH-USD,Sell,569981403,189537816,3131128737,0,Decrease,-726352
1768308848223934000,22,ETH-USD,Buy,468512184,155702216,3131128737,0,Decrease,-786760
1768308848823934000,23,ETH-USD,Sell,340040580,113074828,3131128737,3,Increase,0
1768308848823934000,22,ETH-USD,Buy,705130191,234338267,3131128737,3,Increase,0
1768308850523934000,20,ETH-USD,Buy,760885131,252867492,3131131868,0,Decrease,-1049630
1768308850523934000,21,ETH-USD,Sell,645656436,214702287,3131131868,0,Decrease,-857741
1768308851023934000,21,ETH-USD,Sell,559846377,186167582,3131131868,3,Increase,0
1768308851023934000,20,ETH-USD,Buy,926188806,307803414,3131131868,3,Increase,0
1768308854023934000,30,ETH-USD,Buy,1927703922,961924258,3131125000,0,Decrease,-2984068
1768308854023934000,31,ETH-USD,Sell,3064604368,1529850501,3131125000,0,Decrease,-3217644
1768308855523934000,37,ETH-USD,Sell,2625098766,1310449304,3131132425,0,Decrease,-4284703
1768308855523934000,25,ETH-USD,Sell,333782454,110993793,3131132425,0,Decrease,-574728
1768308855523934000,36,ETH-USD,Buy,4658806768,2324744578,3131132425,0,Decrease,-6331666
1768308855523934000,24,ETH-USD,Buy,661302573,219772889,3131132425,0,Decrease,-1151357
1768308856023934000,31,ETH-USD,Sell,1737778494,867499025,3131132425,2,Increase,0
1768308856023934000,30,ETH-USD,Buy,2567528588,1281196766,3131132425,2,Increase,0
1768308856223934000,24,ETH-USD,Buy,373237848,124039379,3131190000,3,Increase,0
1768308856223934000,25,ETH-USD,Sell,641267712,213242890,3131190000,3,Increase,0
1768308859023934000,37,ETH-USD,Sell,4414052640,2203495078,3131200000,2,Increase,0
1768308859023934000,36,ETH-USD,Buy,4122537920,2057146423,3131200000,2,Increase,0
1768308860023934000,26,ETH-USD,Buy,1035179523,344024662,3131200000,0,Decrease,-1432664
1768308860023934000,27,ETH-USD,Sell,712038183,236776431,3131200000,0,Decrease,-980136
1768308860823934000,26,ETH-USD,Buy,766517760,254739403,3131200000,3,Increase,0
1768308860823934000,27,ETH-USD,Sell,735205758,244480422,3131200000,3,Increase,0
1768308861023934000,21,ETH-USD,Sell,559846377,186167582,3131200000,0,Decrease,-765083
1768308861023934000,20,ETH-USD,Buy,926188806,307803414,3131200000,0,Decrease,-1223697
1768308861523934000,20,ETH-USD,Buy,345684480,114882476,3131200000,3,Increase,0
1768308861523934000,21,ETH-USD,Sell,769022718,255725688,3131200000,3,Increase,0
1768308863823934000,23,ETH-USD,Sell,340040580,113074828,3131197740,0,Decrease,-523644
1768308863823934000,22,ETH-USD,Buy,705130191,234338267,3131197740,0,Decrease,-1053076
1768308864423934000,22,ETH-USD,Buy,569878398,189389588,3131199999,3,Increase,0
1768308864423934000,23,ETH-USD,Sell,670703037,223031117,3131199999,3,Increase,0
1768308868023934000,32,ETH-USD,Buy,1758579614,877531228,3131199999,0,Decrease,-2680350
1768308868023934000,33,ETH-USD,Sell,2704422968,1350047946,3131240000,0,Decrease,-2918781
1768308868823934000,24,ETH-USD,Buy,373237848,124039379,3131240000,0,Decrease,-517729
1768308868823934000,25,ETH-USD,Sell,641267712,213242890,3131240000,0,Decrease,-911265
1768308869523934000,25,ETH-USD,Sell,817879887,271972326,3131240000,3,Increase,0
1768308869523934000,24,ETH-USD,Buy,589925616,196051947,3131240000,3,Increase,0
1768308870523934000,33,ETH-USD,Sell,2719492816,1357570814,3131252524,2,Increase,0
1768308870523934000,32,ETH-USD,Buy,2843177290,1418745468,3131252524,2,Increase,0
1768308871523934000,21,ETH-USD,Sell,769022718,255725688,3131252524,0,Decrease,-1051877
1768308871523934000,20,ETH-USD,Buy,345684480,114882476,3131252524,0,Decrease,-460625
1768308872023934000,20,ETH-USD,Buy,331286517,110097553,3131252524,3,Increase,0
1768308872023934000,21,ETH-USD,Sell,756522684,251569010,3131302500,3,Increase,0
1768308879223934000,27,ETH-USD,Sell,735205758,244480422,3131390000,0,Decrease,-1034919
1768308879223934000,26,ETH-USD,Buy,766517760,254739403,3131390000,0,Decrease,-984627
1768308879423934000,22,ETH-USD,Buy,569878398,189389588,3131390000,0,Decrease,-769566
1768308879423934000,23,ETH-USD,Sell,670703037,223031117,3131390000,0,Decrease,-988477
1768308880023934000,23,ETH-USD,Sell,565529034,188057255,3131390000,3,Increase,0
1768308880023934000,26,ETH-USD,Buy,845475300,280979625,3131390000,3,Increase,0
1768308880023934000,27,ETH-USD,Sell,1185544254,394232983,3131390000,3,Increase,0
1768308880023934000,22,ETH-USD,Buy,668238624,222077970,3131390000,3,Increase,0
1768308882023934000,21,ETH-USD,Sell,756522684,251569010,3131390000,0,Decrease,-1138769
1768308882023934000,20,ETH-USD,Buy,331286517,110097553,3131250000,0,Decrease,-509373
1768308882123934000,24,ETH-USD,Buy,589925616,196051947,3131250000,0,Decrease,-907047
1768308882123934000,25,ETH-USD,Sell,817879887,271972326,3131250000,0,Decrease,-1264535
1768308882523934000,20,ETH-USD,Buy,752126250,249956624,3131250000,3,Increase,0
1768308882523934000,21,ETH-USD,Sell,759014997,252397788,3131250000,3,Increase,0
1768308882823934000,24,ETH-USD,Buy,866730000,288043270,3131250000,3,Increase,0
1768308882823934000,25,ETH-USD,Sell,562998750,187215851,3131250000,3,Increase,0
1768308883023934000,35,ETH-USD,Sell,1894818640,945893466,3131250000,0,Decrease,-2312047
1768308883023934000,34,ETH-USD,Buy,3069293004,1531577209,3131250000,0,Decrease,-5075872
1768308886023934000,30,ETH-USD,Buy,2567528588,1281196766,3131262499,0,Decrease,-3681095
1768308886023934000,43,ETH-USD,Sell,3785252054,1889597826,3131262499,0,Decrease,-5730479
1768308886023934000,31,ETH-USD,Sell,1737778494,867499025,3131262499,0,Decrease,-2639964
1768308886023934000,42,ETH-USD,Buy,5488458934,2738741009,3131262499,0,Decrease,-7009481
1768308886023934000,35,ETH-USD,Sell,1867798080,932404802,3131262499,2,Increase,0
1768308886023934000,34,ETH-USD,Buy,2819707682,1407034134,3131268943,2,Increase,0
1768308888023934000,30,ETH-USD,Buy,2965311688,1479690533,3131268943,2,Increase,0
1768308888023934000,31,ETH-USD,Sell,2440824140,1218459411,3131268943,2,Increase,0
1768308892023934000,43,ETH-USD,Sell,3319125000,1656907200,3131250000,2,Increase,0
1768308892023934000,42,ETH-USD,Buy,3723056250,1857805069,3131250000,2,Increase,0
1768308892523934000,20,ETH-USD,Buy,752126250,249956624,3131250000,0,Decrease,-1239429
1768308892523934000,21,ETH-USD,Sell,759014997,252397788,3131250000,0,Decrease,-1252883
1768308893023934000,21,ETH-USD,Sell,348821250,115994693,3131250000,3,Increase,0
1768308893023934000,20,ETH-USD,Buy,584291250,194179459,3131250000,3,Increase,0
1768308895023934000,23,ETH-USD,Sell,565529034,188057255,3131184613,0,Decrease,-798978
1768308895023934000,22,ETH-USD,Buy,668238624,222077970,3131184613,0,Decrease,-1030375
1768308895423934000,24,ETH-USD,Buy,866730000,288043270,3131184613,0,Decrease,-1423815
1768308895423934000,25,ETH-USD,Sell,562998750,187215851,3131184613,0,Decrease,-902884
1768308895623934000,22,ETH-USD,Buy,442749504,147140419,3131184613,3,Increase,0
1768308895623934000,23,ETH-USD,Sell,623731974,207411673,3131184613,3,Increase,0
1768308896123934000,25,ETH-USD,Sell,910465719,302760201,3130899999,3,Increase,0
1768308896123934000,24,ETH-USD,Buy,454606677,151080953,3130899999,3,Increase,0
1768308898023934000,52,ETH-USD,Buy,13229568000,6604200346,3130899999,0,Decrease,-25761556
1768308898023934000,53,ETH-USD,Sell,11669832000,5823246168,3130899999,0,Decrease,-14556349
1768308898423934000,27,ETH-USD,Sell,1185544254,394232983,3130826081,0,Decrease,-1310897
1768308898423934000,26,ETH-USD,Buy,845475300,280979625,3130826081,0,Decrease,-1237880
1768308899223934000,26,ETH-USD,Buy,1115200248,370618216,3130826081,3,Increase,0
1768308899223934000,27,ETH-USD,Sell,1034424936,343980773,3130826081,3,Increase,0
1768308903023934000,21,ETH-USD,Sell,348821250,115994693,3130680000,0,Decrease,-439029
1768308903023934000,20,ETH-USD,Buy,584291250,194179459,3130680000,0,Decrease,-946756
1768308903523934000,20,ETH-USD,Buy,909149472,302140675,3130680000,3,Increase,0
1768308903523934000,21,ETH-USD,Sell,410745216,136586476,3130680000,3,Increase,0
1768308908723934000,25,ETH-USD,Sell,910465719,302760201,3130539711,0,Decrease,-1267872
1768308908723934000,24,ETH-USD,Buy,454606677,151080953,3130539711,0,Decrease,-736577
1768308909423934000,24,ETH-USD,Buy,909108732,302127136,3130539711,3,Increase,0
1768308909423934000,25,ETH-USD,Sell,792652653,263583429,3130539711,3,Increase,0
1768308910623934000,22,ETH-USD,Buy,442749504,147140419,3130534513,0,Decrease,-745611
1768308910623934000,23,ETH-USD,Sell,623731974,207411673,3130534513,0,Decrease,-792838
1768308911223934000,23,ETH-USD,Sell,903472260,300434643,3130534513,3,Increase,0
1768308911223934000,22,ETH-USD,Buy,443283687,147317946,3130534513,3,Increase,0
1768308911523934000,36,ETH-USD,Buy,4122537920,2057146423,3130534513,0,Decrease,-6693616
1768308911523934000,37,ETH-USD,Sell,4414052640,2203495078,3130534513,0,Decrease,-5299615
1768308913023934000,52,ETH-USD,Buy,10036503686,5008215340,3130537644,2,Increase,0
1768308913023934000,53,ETH-USD,Sell,15452333810,7713805038,3130537644,2,Increase,0
1768308913523934000,20,ETH-USD,Buy,909149472,302140675,3130537644,0,Decrease,-1243881
1768308913523934000,21,ETH-USD,Sell,410745216,136586476,3130537644,0,Decrease,-525305
1768308914023934000,21,ETH-USD,Sell,603567657,200585652,3130537644,3,Increase,0
1768308914023934000,20,ETH-USD,Buy,818955834,272330114,3130565123,3,Increase,0
1768308915023934000,36,ETH-USD,Buy,3773270142,1882861801,3130565123,2,Increase,0
1768308915023934000,37,ETH-USD,Sell,3396350100,1695457970,3130565123,2,Increase,0
1768308915523934000,33,ETH-USD,Sell,2719492816,1357570814,3130565123,0,Decrease,-3453214
1768308915523934000,32,ETH-USD,Buy,2843177290,1418745468,3130565123,0,Decrease,-4852681
1768308917623934000,26,ETH-USD,Buy,1115200248,370618216,3130780000,0,Decrease,-1361786
1768308917623934000,27,ETH-USD,Sell,1034424936,343980773,3130780000,0,Decrease,-1234176
1768308918023934000,33,ETH-USD,Sell,2838052070,1416187983,3130780000,2,Increase,0
1768308918023934000,31,ETH-USD,Sell,2440824140,1218459411,3130780000,0,Decrease,-3512134
1768308918023934000,32,ETH-USD,Buy,2047530120,1022127036,3130780000,2,Increase,0
1768308918023934000,30,ETH-USD,Buy,2965311688,1479690533,3130780000,0,Decrease,-5183643
1768308918023934000,40,ETH-USD,Buy,3795833668,1894121001,3130780000,0,Decrease,-5975698
1768308918023934000,41,ETH-USD,Sell,5101825944,2546831512,3130780000,0,Decrease,-4468663
1768308918423934000,26,ETH-USD,Buy,745783953,247998024,3130915000,3,Increase,0
1768308918423934000,27,ETH-USD,Sell,960564720,319227676,3130915000,3,Increase,0
1768308920023934000,31,ETH-USD,Sell,2085340964,1040585142,3131142589,2,Increase,0
1768308920023934000,30,ETH-USD,Buy,3035642740,1515392856,3131142589,2,Increase,0
1768308922023934000,25,ETH-USD,Sell,792652653,263583429,3131142589,0,Decrease,-1235990
1768308922023934000,24,ETH-USD,Buy,909108732,302127136,3131142589,0,Decrease,-1065709
1768308922723934000,25,ETH-USD,Sell,714598512,237484906,3131457120,3,Increase,0
1768308922723934000,24,ETH-USD,Buy,682657650,227006424,3131457120,3,Increase,0
1768308923023934000,41,ETH-USD,Sell,4972753906,2481404200,3131457120,2,Increase,0
1768308923023934000,40,ETH-USD,Buy,5025988676,2508973548,3131457120,2,Increase,0
1768308924023934000,21,ETH-USD,Sell,603567657,200585652,3131457120,0,Decrease,-991446
1768308924023934000,20,ETH-USD,Buy,818955834,272330114,3131457120,0,Decrease,-947751
1768308924523934000,21,ETH-USD,Sell,636312084,211467716,3131457120,3,Increase,0
1768308924523934000,20,ETH-USD,Buy,623159964,207221461,3131457120,3,Increase,0
1768308926223934000,22,ETH-USD,Buy,443283687,147317946,3131362077,0,Decrease,-504758
1768308926223934000,23,ETH-USD,Sell,903472260,300434643,3131362077,0,Decrease,-1508198
1768308926823934000,22,ETH-USD,Buy,532331553,177017986,3131362077,3,Increase,0
1768308926823934000,23,ETH-USD,Sell,317520114,105522518,3131362077,3,Increase,0
1768308934523934000,21,ETH-USD,Sell,636312084,211467716,3130335750,0,Decrease,-702026
1768308934523934000,20,ETH-USD,Buy,623159964,207221461,3130335750,0,Decrease,-1132633
1768308935023934000,21,ETH-USD,Sell,626067150,208062983,3130335750,3,Increase,0
1768308935023934000,20,ETH-USD,Buy,704325543,234211721,3130335750,3,Increase,0
1768308935323934000,25,ETH-USD,Sell,714598512,237484906,3130335750,0,Decrease,-789706
1768308935323934000,24,ETH-USD,Buy,682657650,227006424,3130335750,0,Decrease,-1242019
1768308936023934000,24,ETH-USD,Buy,469550361,156047237,3130335750,3,Increase,0
1768308936023934000,25,ETH-USD,Sell,718725087,238856304,3130335750,3,Increase,0
1768308936823934000,26,ETH-USD,Buy,745783953,247998024,3130530000,0,Decrease,-1102544
1768308936823934000,27,ETH-USD,Sell,960564720,319227676,3130530000,0,Decrease,-1185534
1768308937623934000,27,ETH-USD,Sell,1056866928,351232110,3130530000,3,Increase,0
1768308937623934000,26,ETH-USD,Buy,788893560,262333406,3130530000,3,Increase,0
1768308941823934000,23,ETH-USD,Sell,317520114,105522518,3130800000,0,Decrease,-386317
1768308941823934000,22,ETH-USD,Buy,532331553,177017986,3130800000,0,Decrease,-837724
1768308942423934000,22,ETH-USD,Buy,624285885,207595867,3130821899,3,Increase,0
1768308942423934000,23,ETH-USD,Sell,358792188,119238604,3130821899,3,Increase,0
1768308945023934000,21,ETH-USD,Sell,626067150,208062983,3130675090,0,Decrease,-1032558
1768308945023934000,20,ETH-USD,Buy,704325543,234211721,3130675090,0,Decrease,-1007171
1768308945523934000,21,ETH-USD,Sell,683113302,227021321,3130675090,3,Increase,0
1768308945523934000,20,ETH-USD,Buy,601715751,200090545,3130675090,3,Increase,0
1768308946023934000,34,ETH-USD,Buy,2819707682,1407034134,3130675090,0,Decrease,-5347260
1768308946023934000,35,ETH-USD,Sell,1867798080,932404802,3130675090,0,Decrease,-2278021
1768308948623934000,25,ETH-USD,Sell,718725087,238856304,3130550000,0,Decrease,-1175151
1768308948623934000,24,ETH-USD,Buy,469550361,156047237,3130550000,0,Decrease,-702274
1768308949023934000,35,ETH-USD,Sell,2916107324,1455137555,3130550000,2,Increase,0
1768308949023934000,34,ETH-USD,Buy,1663887324,830612553,3130550000,2,Increase,0
1768308949323934000,24,ETH-USD,Buy,401336508,133457767,3130550000,3,Increase,0
1768308949323934000,25,ETH-USD,Sell,609205029,202459138,3130550000,3,Increase,0
1768308950023934000,30,ETH-USD,Buy,3035642740,1515392856,3130550000,0,Decrease,-4910122
1768308950023934000,31,ETH-USD,Sell,2085340964,1040585142,3130550000,0,Decrease,-2587700
1768308952023934000,31,ETH-USD,Sell,3072650186,1533252443,3130565652,2,Increase,0
1768308952023934000,30,ETH-USD,Buy,2160055620,1078299766,3130515392,2,Increase,0
1768308955523934000,21,ETH-USD,Sell,683113302,227021321,3130512262,0,Decrease,-969495
1768308955523934000,20,ETH-USD,Buy,601715751,200090545,3130512262,0,Decrease,-915271
1768308956023934000,20,ETH-USD,Buy,655529265,217985332,3130512262,3,Increase,0
1768308956023934000,26,ETH-USD,Buy,788893560,262333406,3130399999,0,Decrease,-1123466
1768308956023934000,21,ETH-USD,Sell,537802719,178729771,3130399999,3,Increase,0
1768308956023934000,27,ETH-USD,Sell,1056866928,351232110,3130399999,0,Decrease,-1419370
1768308956823934000,26,ETH-USD,Buy,683053278,227137984,3130399999,3,Increase,0
1768308956823934000,27,ETH-USD,Sell,1124439678,373688787,3130399999,3,Increase,0
1768308957423934000,22,ETH-USD,Buy,624285885,207595867,3130399999,0,Decrease,-997592
1768308957423934000,23,ETH-USD,Sell,358792188,119238604,3130399999,0,Decrease,-477465
1768308958023934000,23,ETH-USD,Sell,611680158,203281706,3130399999,3,Increase,0
1768308958023934000,22,ETH-USD,Buy,472690398,157185314,3130399999,3,Increase,0
1768308961923934000,25,ETH-USD,Sell,609205029,202459138,3130370000,0,Decrease,-846531
1768308961923934000,24,ETH-USD,Buy,401336508,133457767,3130370000,0,Decrease,-602958
1768308962623934000,25,ETH-USD,Sell,378151185,125672244,3130390608,3,Increase,0
1768308962623934000,24,ETH-USD,Buy,521523075,173423807,3130390608,3,Increase,0
1768308963023934000,33,ETH-USD,Sell,2838052070,1416187983,3130390608,0,Decrease,-3343717
1768308963023934000,32,ETH-USD,Buy,2047530120,1022127036,3130390608,0,Decrease,-2918387
1768308965523934000,33,ETH-USD,Sell,2878407424,1436325305,3130405030,2,Increase,0
1768308965523934000,32,ETH-USD,Buy,1746766006,871985591,3130405030,2,Increase,0
1768308966023934000,21,ETH-USD,Sell,537802719,178729771,3130405030,0,Decrease,-791491
1768308966023934000,20,ETH-USD,Buy,655529265,217985332,3130405030,0,Decrease,-1023757
1768308966523934000,21,ETH-USD,Sell,492078444,163534070,3130270000,3,Increase,0
1768308966523934000,20,ETH-USD,Buy,678016482,225463081,3130270000,3,Increase,0
1768308967523934000,37,ETH-USD,Sell,3396350100,1695457970,3130270000,0,Decrease,-4661171
1768308967523934000,36,ETH-USD,Buy,3773270142,1882861801,3130270000,0,Decrease,-5881139
1768308971023934000,37,ETH-USD,Sell,4108159824,2049971753,3130265030,2,Increase,0
1768308971023934000,36,ETH-USD,Buy,4105968638,2049699545,3130265030,2,Increase,0
1768308973023934000,22,ETH-USD,Buy,472690398,157185314,3130150000,0,Decrease,-650207
1768308973023934000,23,ETH-USD,Sell,611680158,203281706,3130150000,0,Decrease,-744772
1768308973623934000,22,ETH-USD,Buy,595354527,197975226,3130150000,3,Increase,0
1768308973623934000,23,ETH-USD,Sell,860165220,285861575,3130150000,3,Increase,0
1768308975223934000,24,ETH-USD,Buy,521523075,173423807,3130225296,0,Decrease,-721832
1768308975223934000,27,ETH-USD,Sell,1124439678,373688787,3130225296,0,Decrease,-1429260
1768308975223934000,26,ETH-USD,Buy,683053278,227137984,3130225296,0,Decrease,-943228
1768308975223934000,25,ETH-USD,Sell,378151185,125672244,3130225296,0,Decrease,-484145
1768308975923934000,25,ETH-USD,Sell,608515797,202230084,3130225296,3,Increase,0
1768308975923934000,24,ETH-USD,Buy,899626749,299155882,3130225296,3,Increase,0
1768308976023934000,27,ETH-USD,Sell,1237691082,411326003,3130225296,3,Increase,0
1768308976023934000,26,ETH-USD,Buy,1139402007,378889148,3130225296,3,Increase,0
1768308976523934000,20,ETH-USD,Buy,678016482,225463081,3130250046,0,Decrease,-894274
1768308976523934000,21,ETH-USD,Sell,492078444,163534070,3130250046,0,Decrease,-643629
1768308977023934000,20,ETH-USD,Buy,907772511,301864619,3130250046,3,Increase,0
1768308977023934000,21,ETH-USD,Sell,845793561,281085394,3130250046,3,Increase,0
1768308982023934000,31,ETH-USD,Sell,3072650186,1533252443,3130186006,0,Decrease,-3678135
1768308982023934000,30,ETH-USD,Buy,2160055620,1078299766,3130198527,0,Decrease,-3516199
1768308984023934000,31,ETH-USD,Sell,2959602706,1476841751,3130198527,2,Increase,0
1768308984023934000,30,ETH-USD,Buy,2169227578,1082878407,3130198527,2,Increase,0
1768308987023934000,21,ETH-USD,Sell,845793561,281085394,3130172683,0,Decrease,-1080541
1768308987023934000,20,ETH-USD,Buy,907772511,301864619,3130172683,0,Decrease,-1203085
1768308987523934000,20,ETH-USD,Buy,511470216,170080896,3130172683,3,Increase,0
1768308987523934000,21,ETH-USD,Sell,423199344,140643249,3130172683,3,Increase,0
1768308988523934000,24,ETH-USD,Buy,899626749,299155882,3130171082,0,Decrease,-1335161
1768308988523934000,25,ETH-USD,Sell,608515797,202230084,3130171082,0,Decrease,-883191
1768308988623934000,23,ETH-USD,Sell,860165220,285861575,3130171082,0,Decrease,-1243812
1768308988623934000,22,ETH-USD,Buy,595354527,197975226,3130171082,0,Decrease,-851815
1768308989223934000,22,ETH-USD,Buy,475159968,158006529,3130171082,3,Increase,0
1768308989223934000,25,ETH-USD,Sell,406922238,135233824,3130171082,3,Increase,0
1768308989223934000,24,ETH-USD,Buy,636676797,211716258,3130171082,3,Increase,0
1768308989223934000,23,ETH-USD,Sell,483924447,160824225,3130171082,3,Increase,0
1768308994423934000,27,ETH-USD,Sell,1237691082,411326003,3130166892,0,Decrease,-1719071
1768308994423934000,26,ETH-USD,Buy,1139402007,378889148,3130166892,0,Decrease,-1623001
1768308995223934000,26,ETH-USD,Buy,842014893,279998020,3130166892,3,Increase,0
1768308995223934000,27,ETH-USD,Sell,969099669,322064124,3130166892,3,Increase,0
1768308997523934000,20,ETH-USD,Buy,511470216,170080896,3130203143,0,Decrease,-772034
1768308997523934000,21,ETH-USD,Sell,423199344,140643249,3130203143,0,Decrease,-647884
1768308998023934000,21,ETH-USD,Sell,599746920,199315894,3130203143,3,Increase,0
1768308998023934000,20,ETH-USD,Buy,870196002,289369178,3130201454,3,Increase,0
1768309001823934000,25,ETH-USD,Sell,406922238,135233824,3130193014,0,Decrease,-610028
1768309001823934000,24,ETH-USD,Buy,636676797,211716258,3130193014,0,Decrease,-943978
1768309002523934000,25,ETH-USD,Sell,458260905,152295375,3130197445,3,Increase,0
1768309002523934000,24,ETH-USD,Buy,513352380,170706779,3130197445,3,Increase,0
1768309004223934000,22,ETH-USD,Buy,475159968,158006529,3130207479,0,Decrease,-789127
1768309004223934000,23,ETH-USD,Sell,483924447,160824225,3130207479,0,Decrease,-816267
1768309004823934000,23,ETH-USD,Sell,703044597,233645155,3130207479,3,Increase,0
1768309004823934000,22,ETH-USD,Buy,561559221,186737160,3130207479,3,Increase,0
1768309008023934000,21,ETH-USD,Sell,599746920,199315894,3130212174,0,Decrease,-914324
1768309008023934000,20,ETH-USD,Buy,870196002,289369178,3130212174,0,Decrease,-1153560
1768309008523934000,21,ETH-USD,Sell,682386252,226779698,3130212174,3,Increase,0
1768309008523934000,20,ETH-USD,Buy,468279741,155718624,3130212174,3,Increase,0
1768309009023934000,35,ETH-USD,Sell,2916107324,1455137555,3130212174,0,Decrease,-3828672
1768309009023934000,34,ETH-USD,Buy,1663887324,830612553,3130212174,0,Decrease,-2540117
1768309010523934000,32,ETH-USD,Buy,1746766006,871985591,3130190262,0,Decrease,-2681135
1768309010523934000,33,ETH-USD,Sell,2878407424,1436325305,3130190262,0,Decrease,-4029817
1768309012023934000,42,ETH-USD,Buy,3723056250,1857805069,3130190262,0,Decrease,-6792753
1768309012023934000,34,ETH-USD,Buy,2153570900,1075062594,3130190262,2,Increase,0
1768309012023934000,35,ETH-USD,Sell,2394472950,1194842003,3130030000,2,Increase,0
1768309012023934000,43,ETH-USD,Sell,3319125000,1656907200,3130030000,0,Decrease,-3550267
1768309013023934000,33,ETH-USD,Sell,2690260784,1342440132,3130030000,2,Increase,0
1768309013023934000,32,ETH-USD,Buy,2671480604,1333603118,3130030000,2,Increase,0
1768309013023934000,41,ETH-USD,Sell,4972753906,2481404200,3130030000,0,Decrease,-4761723
1768309013023934000,40,ETH-USD,Buy,5025988676,2508973548,3130030000,0,Decrease,-9384466
1768309013623934000,27,ETH-USD,Sell,969099669,322064124,3130030000,0,Decrease,-1430967
1768309013623934000,26,ETH-USD,Buy,842014893,279998020,3130030000,0,Decrease,-1315017
1768309014023934000,30,ETH-USD,Buy,2169227578,1082878407,3130030000,0,Decrease,-3181129
1768309014023934000,31,ETH-USD,Sell,2959602706,1476841751,3130139999,0,Decrease,-3760075
1768309014423934000,26,ETH-USD,Buy,885829617,294567876,3130139999,3,Increase,0
1768309014423934000,27,ETH-USD,Sell,991002321,329343105,3130139999,3,Increase,0
1768309015123934000,24,ETH-USD,Buy,513352380,170706779,3130139999,0,Decrease,-677077
1768309015123934000,25,ETH-USD,Sell,458260905,152295375,3130139999,0,Decrease,-588392
1768309015823934000,25,ETH-USD,Sell,483919641,160822628,3130139999,3,Increase,0
1768309015823934000,24,ETH-USD,Buy,927773493,308515613,3130139999,3,Increase,0
1768309016023934000,30,ETH-USD,Buy,2738872498,1367245152,3130139999,2,Increase,0
1768309016023934000,31,ETH-USD,Sell,1763833888,880153111,3130139999,2,Increase,0
1768309018023934000,40,ETH-USD,Buy,4973785872,2481919151,3130135855,2,Increase,0
1768309018023934000,42,ETH-USD,Buy,5509039104,2749010513,3130135855,2,Increase,0
1768309018023934000,43,ETH-USD,Sell,4958135194,2475101089,3130135855,2,Increase,0
1768309018023934000,41,ETH-USD,Sell,3327261082,1660968733,3130066871,2,Increase,0
1768309018523934000,20,ETH-USD,Buy,468279741,155718624,3130066871,0,Decrease,-702514
1768309018523934000,21,ETH-USD,Sell,682386252,226779698,3130066871,0,Decrease,-961682
1768309019023934000,20,ETH-USD,Buy,395640450,131484510,3130066871,3,Increase,0
1768309019023934000,21,ETH-USD,Sell,533989407,177569278,3130066871,3,Increase,0
1768309019823934000,22,ETH-USD,Buy,561559221,186737160,3130066871,0,Decrease,-947487
1768309019823934000,23,ETH-USD,Sell,703044597,233645155,3130066871,0,Decrease,-1125016
1768309020423934000,23,ETH-USD,Sell,795019998,264370651,3130000000,3,Increase,0
1768309020423934000,22,ETH-USD,Buy,788760000,262131240,3130000000,3,Increase,0
1768309023523934000,37,ETH-USD,Sell,4108159824,2049971753,3129999999,0,Decrease,-5343844
1768309023523934000,36,ETH-USD,Buy,4105968638,2049699545,3129999999,0,Decrease,-6029228
1768309024023934000,51,ETH-USD,Sell,7333118170,3660692591,3129999999,0,Decrease,-8019735
1768309024023934000,50,ETH-USD,Buy,10558296806,5268590107,3129970000,0,Decrease,-21051724
1768309027023934000,37,ETH-USD,Sell,2782224238,1388329895,3129963144,2,Increase,0
1768309027023934000,36,ETH-USD,Buy,2602564354,1299200126,3129963144,2,Increase,0
1768309028423934000,25,ETH-USD,Sell,483919641,160822628,3129966398,0,Decrease,-652341
1768309028423934000,24,ETH-USD,Buy,927773493,308515613,3129966398,0,Decrease,-1351933
1768309029023934000,21,ETH-USD,Sell,533989407,177569278,3129966398,0,Decrease,-816909
1768309029023934000,20,ETH-USD,Buy,395640450,131484510,3129966398,0,Decrease,-629681
1768309029123934000,25,ETH-USD,Sell,579043782,192435551,3129966398,3,Increase,0
1768309029123934000,24,ETH-USD,Buy,497038662,165281924,3129966398,3,Increase,0
1768309029523934000,20,ETH-USD,Buy,935859951,311204630,3129966398,3,Increase,0
1768309029523934000,21,ETH-USD,Sell,654788970,217608202,3129966398,3,Increase,0
1768309032823934000,27,ETH-USD,Sell,991002321,329343105,3130102891,0,Decrease,-1251393
1768309032823934000,26,ETH-USD,Buy,885829617,294567876,3130102891,0,Decrease,-1138159
1768309033623934000,26,ETH-USD,Buy,1195073283,397401703,3130102891,3,Increase,0
1768309033623934000,27,ETH-USD,Sell,1146243678,380934983,3130102891,3,Increase,0
1768309035423934000,23,ETH-USD,Sell,795019998,264370651,3130074882,0,Decrease,-1110890
1768309035423934000,22,ETH-USD,Buy,788760000,262131240,3130074882,0,Decrease,-1062837
1768309036023934000,23,ETH-USD,Sell,815697513,271083474,3130074882,3,Increase,0
1768309036023934000,22,ETH-USD,Buy,699258726,232526836,3130074882,3,Increase,0
1768309036023934000,51,ETH-USD,Sell,7505878128,3745433186,3130057602,2,Increase,0
1768309036023934000,50,ETH-USD,Buy,11124224716,5553212979,3130057602,2,Increase,0
1768309039523934000,21,ETH-USD,Sell,654788970,217608202,3130142988,0,Decrease,-1051494
1768309039523934000,20,ETH-USD,Buy,935859951,311204630,3130142988,0,Decrease,-1395023
1768309040023934000,20,ETH-USD,Buy,641053281,213043374,3130142988,3,Increase,0
1768309040023934000,21,ETH-USD,Sell,477679200,158844257,3130270000,3,Increase,0
1768309041723934000,25,ETH-USD,Sell,579043782,192435551,3130270000,0,Decrease,-894070
1768309041723934000,24,ETH-USD,Buy,497038662,165281924,3130270000,0,Decrease,-669921
1768309042423934000,24,ETH-USD,Buy,758151393,251958980,3130270000,3,Increase,0
1768309042423934000,25,ETH-USD,Sell,877727706,291873720,3130270000,3,Increase,0
1768309046023934000,31,ETH-USD,Sell,1763833888,880153111,3130240000,0,Decrease,-2385663
1768309046023934000,30,ETH-USD,Buy,2738872498,1367245152,3130240000,0,Decrease,-3524864
1768309048023934000,30,ETH-USD,Buy,3026980760,1510463400,3130280000,2,Increase,0
1768309048023934000,31,ETH-USD,Sell,3031651966,1513400662,3130255000,2,Increase,0
1768309050023934000,21,ETH-USD,Sell,477679200,158844257,3130255000,0,Decrease,-646850
1768309050023934000,20,ETH-USD,Buy,641053281,213043374,3130255000,0,Decrease,-912553
1768309050523934000,20,ETH-USD,Buy,480807135,159788238,3130254799,3,Increase,0
1768309050523934000,21,ETH-USD,Sell,535899621,178097308,3130254799,3,Increase,0
1768309051023934000,23,ETH-USD,Sell,815697513,271083474,3130254799,0,Decrease,-1133135
1768309051023934000,22,ETH-USD,Buy,699258726,232526836,3130254799,0,Decrease,-889788
1768309051623934000,23,ETH-USD,Sell,872088987,289824241,3130254799,3,Increase,0
1768309051623934000,22,ETH-USD,Buy,568454271,189029994,3130254799,3,Increase,0
